filename,name
cufs_001,Wang Yifei
cufs_002,Chen Meiling
cufs_003,Liu Ruoxi
cufs_004,Zhang Jingwen
cufs_005,Li Zixuan
cufs_006,Zhao Liying
cufs_007,Sun Xiaoting
cufs_008,Zhou Yutong
cufs_009,Wu Jiaqi
cufs_010,Zheng Shuyuan
cufs_011,Feng Waner
cufs_012,Chu Xiaodan
cufs_013,Wei Mulan
cufs_014,Jiang Yanli
cufs_015,Shen Bingqing
cufs_016,Han Xue
cufs_017,Yang Zimei
cufs_018,Zhu Qianqian
cufs_019,Qin Lan
cufs_020,Xu Mengjie
cufs_021,He Yunxi
cufs_022,Lu Sicheng
cufs_023,Tang Shishi
cufs_024,Lin Xiaowei
cufs_025,Fang Ruolan
cufs_026,Gu Peixin
cufs_027,Wang Xiaoman
cufs_028,Cao Yuhan
cufs_029,Song Jia
cufs_030,Tian Shuyu
cufs_031,Liang Xiaoqin
cufs_032,Pan Meiqi
cufs_033,Yu Wenle
cufs_034,Ding Zihan
cufs_035,Ye Xiaoxue
cufs_036,Cheng Ruoxuan
cufs_037,Lu Jingyi
cufs_038,Peng Shanshan
cufs_039,Su Xiaonuo
cufs_040,Lu Meiqi
cufs_041,Jiang Rou
cufs_042,Bai Lu
cufs_043,Long Ziyan
cufs_044,Xiao Wen
cufs_045,Yan Siyu
cufs_046,Mao Xiaotong
cufs_047,Jia Ling
cufs_048,Dong Jie
cufs_049,Cui Yuanyuan
cufs_050,Ren Na
cufs_051,Fan Bingbing
cufs_052,Jin Chen
cufs_053,Yao Yao
cufs_054,Liao Jing
cufs_055,Zhang Wei
cufs_056,Li Qiang
cufs_057,Wang Jun
cufs_058,Liu Yang
cufs_059,Chen Hao
cufs_060,Zhao Lei
cufs_061,Huang Ming
cufs_062,Zhou Jie
cufs_063,Xu Tao
cufs_064,Sun Peng
cufs_065,Hu Bo
cufs_066,Gao Feng
cufs_067,Lin Feng
cufs_068,He Bin
cufs_069,Guo Dong
cufs_070,Ma Chao
cufs_071,Luo Gang
cufs_072,Liang Yong
cufs_073,Song Kai
cufs_074,Zheng Xin
cufs_075,Xie Jun
cufs_076,Han Feng
cufs_077,Tang Bin
cufs_078,Feng Bo
cufs_079,Yu Liang
cufs_080,Dong Wei
cufs_081,Xiao Gang
cufs_082,Cheng Long
cufs_083,Cao Bin
cufs_084,Yuan Chao
cufs_085,Deng Wei
cufs_086,Xu Xiang
cufs_087,Fu Qiang
cufs_088,Shen Peng
cufs_089,Zeng Wei
cufs_090,Peng Fei
cufs_091,Lu Yan
cufs_092,Su Jian
cufs_093,Lu Hao
cufs_094,Jiang Chen
cufs_095,Jia Ming
cufs_096,Ding Kai
cufs_097,Wei Bo
cufs_098,Xue Dong
cufs_099,Yan Bin
cufs_100,Yu Ming
cufs_101,Pan Hao
cufs_102,Du Wei
cufs_103,Ye Feng
cufs_104,Zhong Chao
cufs_105,Wang Zihan
cufs_106,Li Haoran
cufs_107,Zhang Yichen
cufs_108,Liu Yuxuan
cufs_109,Chen Zixuan
cufs_110,Yang Haoyu
cufs_111,Huang Zihao
cufs_112,Zhao Ruoxuan
cufs_113,Zhou Jiarui
cufs_114,Wu Yifan
cufs_115,Xu Kun
cufs_116,Sun Yibo
cufs_117,Ma Tianyu
cufs_118,Hu Yitian
cufs_119,Gao Hanyu
cufs_120,Lin Gengxin
cufs_121,He Jiong
cufs_122,Guo Jingming
cufs_123,Luo Yunxi
cufs_124,Liang Jingkang
cufs_125,Song Weilong
cufs_126,Zheng Kai
cufs_127,Xie Ze
cufs_128,Han Dongjun
cufs_129,Tang Jialun
cufs_130,Feng Shaofeng
cufs_131,Yu Menglong
cufs_132,Dong Zijian
cufs_133,Xiao Zhan
cufs_134,Cheng Yi
cufs_135,Cao Yuchen
cufs_136,Yuan Hong
cufs_137,Deng Lun
cufs_138,Xu Kai
cufs_139,Fu Xinbo
cufs_140,Shen Teng
cufs_141,Zeng Shunxi
cufs_142,Peng Yuchang
cufs_143,Lu Han
cufs_144,Su Yuming
cufs_145,Lu Jingshan
cufs_146,Jiang Jinfu
cufs_147,Jia Nailiang
cufs_148,Ding Chengxin
cufs_149,Wei Daxun
cufs_150,Xue Zhiqian
cufs_151,Yan Yikuan
cufs_152,Yu Haoming
cufs_153,Pan Yueming
cufs_154,Du Chun
cufs_155,Ye Zuxin
cufs_156,Zhong Hanliang
cufs_157,Wang Junkai
cufs_158,Li Yifeng
cufs_159,Zhang Ruoyun
cufs_160,Liu Haoran
cufs_161,Chen Xiao
cufs_162,Yang Yang
cufs_163,Huang Xiaoming
cufs_164,Zhao Youting
cufs_165,Zhou Guoyu
cufs_166,Wu Jing
cufs_167,Xu Zheng
cufs_168,Sun Honglei
cufs_169,Ma Dong
cufs_170,Hu Ge
cufs_171,Gao Yuanyuan
cufs_172,Lin Junjie
cufs_173,He Rundong
cufs_174,Guo Degang
cufs_175,Luo Jin
cufs_176,Liang Chaowei
cufs_177,Song Xiaobao
cufs_178,Zheng Yuanchang
cufs_179,Xie Tingfeng
cufs_180,Han Geng
cufs_181,Tang Guoqiang
cufs_182,Feng Xiaogang
cufs_183,Yu Hewei
cufs_184,Dong Dawei
cufs_185,Xiao Yang
cufs_186,Cheng Bolin
cufs_187,Cao Ge
cufs_188,Yuan Wenkang
lfw_001,monica bellucci
lfw_002,craig burley
lfw_003,Hipolito Mejia
lfw_004,Dame Angela Lansbury. 
lfw_005,Ai Sugiyama
lfw_006,Tom Izzo
lfw_007,Alanna Ubach
lfw_008,Alanis Morissette
lfw_009,Sasha Cohen
lfw_010,Richard Crenna
lfw_011,Christian Patiño
lfw_012,Leticia Dolera
lfw_013,Sarah Wynter
lfw_014,Gina Centrello
lfw_015,Jessica Lynch
lfw_016,Ruben Sierra
lfw_017,Rosie Perez
lfw_018,Isabella Rossellini
lfw_019,Katherine Hepburn
lfw_020,Edouard_Michelin
lfw_021,Edgar Savisaar 
lfw_022,Tim Allen
lfw_023,Dule Hill
lfw_024,Perry Gibbs
lfw_025,Sean Woods
lfw_026,Ben Curtis
lfw_027,Martin Landau
lfw_028,Famke Janssen
lfw_029,Jim Otto
lfw_030,Maggie Cheung
lfw_031,Reese Witherspoon
lfw_032,Matthew Zisk
lfw_033,Scott Downs
lfw_034,Dionigi Tettamanzi
lfw_035,Philippe Noiret
lfw_036,Solomon Passy
lfw_037,Robert Hyatt
lfw_038,Robert Fico
lfw_039,Makiko Tanaka
lfw_040,Tarmo  Mitt
lfw_041,Paul Greengrass
lfw_042,Sophie
lfw_043,Ochoa Cardich Ochoa
lfw_044,Sigourney Weaver
lfw_045,Janica Kosteli?
lfw_046,Michael Haneke
lfw_047,Shirley Jones
lfw_048,Gavyn Davies
lfw_049,Sheila Copps
lfw_050,Sharon Stone
lfw_051,Dustin Brown
lfw_052,Sean Penn
lfw_053,Joseph Estrada
lfw_054,Tom Vilsack
lfw_055,Giulietta Masina. 
lfw_056,Tina Brown
lfw_057,George Roy Hill 
lfw_058,Janet Chandler
lfw_059,Joel Todd
lfw_060,Rudi Völler
lfw_061,P. Ramasamy
lfw_062,Craig Wilson
lfw_063,Courtney Cox
lfw_064,Ridley Scott
lfw_065,Mike Mussina
lfw_066,Claudia Pechstein
lfw_067,Ricky Ponting
lfw_068,Ed Markey
lfw_069,Ion Iliescu
lfw_070,Zico
lfw_071,Maura Tierney
lfw_072,Rick Wagoner
lfw_073,Hikmet Çetin
lfw_074,Hayden Panettiere
lfw_075,Derek Chisora
lfw_076,Mayumi Moriyama
lfw_077,Max Mosley
lfw_078,David Brinkley
lfw_079,Ricky Martin
lfw_080,Jerry Colangelo
lfw_081,Alberto Gonzales
lfw_082,Jay Rasulo
lfw_083,Juan Antonio Samaranch
lfw_084,Jerry Springer
lfw_085,Beatriz Merino
lfw_086,Marc Grossman
lfw_087,Mikhail Kasyanov
lfw_088,Lina_Krasnoroutskaya
lfw_089,Anders Fogh Rasmussen
lfw_090,Richard Perle
lfw_091,Stuart Whitman
lfw_092,James Cameron
lfw_093,Faye Wong
lfw_094,Alexander Downer
lfw_095,Jo Dee Messina
lfw_096,Jimmy Kimmel
lfw_097,Aileen Riggin Soule
lfw_098,Agnes Bruckner
lfw_099,Nikolay Davydenko
lfw_100,David Malpass
lfw_101,Imad Moustapha
lfw_102,Aaron Tippin
lfw_103,Adam Ant
lfw_104,Nick Price
lfw_105,Íngrid Betancourt
lfw_106,Afton Smith
lfw_107,Al Sharpton
lfw_108,Joan Claybrook
lfw_109,Dale Earnhardt Sr.
lfw_110,Aaron Eckhart
lfw_111,John Darby
lfw_112,Jolanta Kwasinewski
lfw_113,Hank Aaron
lfw_114,Mickey Loomis
lfw_115,Lauren Hutton
lfw_116,Richard Tubb
lfw_117,Lee Jun
lfw_118,Maurice Papon
lfw_119,Peter Hartz
lfw_120,Miles Stewart
lfw_121,Stephen Ambrose
lfw_122,Kenneth Bowersox
lfw_123,Gerardo Gambala
lfw_124,Sureyya Ayhan
lfw_125,Patty Duke
lfw_126,Ted Maher
lfw_127,José Luis Rodríguez Zapatero
lfw_128,Gary Paer
lfw_129,Esad Landzo
lfw_130,Michel Barnier
lfw_131,Gretchen Mol
lfw_132,Michael Owen
lfw_133,Kathy Bates
lfw_134,Maureen Fanning
lfw_135,Rien Long
lfw_136,Emmit Smith
lfw_137,Francis Collins
lfw_138,Luca Cordero di Montezemolo
lfw_139,Jackie Chan
lfw_140,Laura Bozzo
lfw_141,Joan Kennedy
lfw_142,Jeff Sessions
lfw_143,Vladmir Ustinov
lfw_144,Ainsworth Dyer
lfw_145,Odilia Collazo
lfw_146,Ray Lewis
lfw_147,Roy Williams
lfw_148,Dave McGinnis
lfw_149,Hilary Duff
lfw_150,Margaret Thatcher
lfw_151,James Walker
lfw_152,Michael Bennett
lfw_153,Daniel Murphy
lfw_154,Matthew Foster
lfw_155,Emily Carter
lfw_156,Sarah Collins
lfw_157,Andrew Coleman
lfw_158,Christopher Reed
lfw_159,Joshua Price
lfw_160,James Gandolfini
lfw_161,Laura Schlessinger
lfw_162,Nicholas Long
lfw_163,Ryan Patterson
lfw_164,Imran Khan
lfw_165,Tyler Sanders
lfw_166,Laura Jenkins
lfw_167,Brandon Russell
lfw_168,Scott Steiner
lfw_169,Justin Ross
lfw_170,Olivia Hayes
lfw_171,Megan Brooks
lfw_172,Lisa Wilhoit
lfw_173,Kevin Henderson
lfw_174,Aaron Fisher
lfw_175,José Carreras
lfw_176,Brian Ward
lfw_177, Gianni Agnelli 
lfw_178,Adam Cox
lfw_179,Felipe Pérez Roque
lfw_180,Jonathan Diaz
lfw_181,Felipe Pérez Roque
lfw_182,Marina Silva
lfw_183,Tim Howard
lfw_184,Benazir Bhutto
lfw_185,Cindy Crawford
lfw_186,Karen Pereiras
lfw_187,Jia Qinglin
lfw_188,James Murdoch
lfw_189,Eric Hayes
lfw_190,James Brazelton
lfw_191,Elin Nordegren
lfw_192,Najib al-Salhi
lfw_193,Stephen Price
lfw_194,Hannah Powell
lfw_195,Rachel Simmons
lfw_196,José Serra
lfw_197,Benjamin Foster
lfw_198,Scott Powell
lfw_199,Victoria Perry
lfw_200,Samuel Carter
lfw_201,Carey Lowell
lfw_202,Jack Bennett
lfw_203,Henry Jenkins
lfw_204,Lucas Coleman
lfw_205,Alexander Perry
lfw_206,William Long
lfw_207,Jerry Lewis
lfw_208,Chloe Hughes
lfw_209,Guillaume Depardieu
lfw_210,Noah Griffin
lfw_211,Ethan Hilton
lfw_212,Janice Pennington
lfw_213,Natalie Griffin
lfw_214,Logan Butler
lfw_215,Mason Simmons
lfw_216,Grace Butler
lfw_217,Jacob Potts
lfw_218,Elsa Zylberstein
lfw_219,Sebastian Brooks
lfw_220,Aiden Carter
lfw_221,Ann Schein
lfw_222,Alan Tang Kwong-Wing
lfw_223,Owen Murphy
lfw_224,Kristin Bauer van Straten
lfw_225,Dylan Collins
lfw_226,Wyatt Reed
lfw_227,Luke Sanders
lfw_228,Rev. Michael Pfleger
lfw_229,Caleb Perry
lfw_230,Peter Mansbridge
lfw_231,Miguel Aldana Ibarra
lfw_232,Nathan Ward
lfw_233,Levi Woods
lfw_234,Lily Barnes
lfw_235,Isaac Ross
lfw_236,Joe Strummer
lfw_237,Julian Ross
lfw_238,George Ryan
lfw_239,Connor Brooks
lfw_240,Karin Viard
lfw_241,James Coburn
lfw_242,Isiah Thomas
lfw_243,Aaron Foster
lfw_244,Eunice Barber
lfw_245,Eli Collins
lfw_246,Cameron Reed
lfw_247,Jim Abbott
lfw_248,Ella Simmons
lfw_249,Jessica Alba
lfw_250,Hunter Sanders
lfw_251,Priscilla Owen
lfw_252,Alyse Beaupre
lfw_253,Stefano Accorsi
lfw_254,Lily Safra
lfw_255,Adrian Perry
lfw_256,Julianna Margulies
lfw_257,Charles Smith
lfw_258,Thomas Ward
lfw_259,Madison Keys
lfw_260,Zoe Coleman
lfw_261,Dana Delany
lfw_262,Peter Barnes
lfw_263,Sue Grafton
lfw_264,Edward Ross
lfw_265,George Brooks
lfw_266,Sophie Cox
lfw_267,George Kim
lfw_268,Steven Seagal
lfw_269,Elijah Wood
lfw_270,Arthur Foster
lfw_271,Louis Murphy
lfw_272,Sonya Walger
lfw_273,Spitzbua Markus
lfw_274,André Téchiné
lfw_275,Ana Palacio
lfw_276,Ariadna Thalía Sodi Miranda
lfw_277,Melina Kanakaredes
lfw_278,Delrish Moss
lfw_279,John Belushi
lfw_280,John Lee
lfw_281,Carla Tricoli
lfw_282,Jennifer Connelly
lfw_283,Brenda Magana
lfw_284,Francesco Totti
lfw_285,Jane Russell
lfw_286,Richard Norton-Taylor
lfw_287,Lucy Griffin
lfw_288,Frederick Reed
lfw_289,Winifred Barnes
lfw_290,Corey Maggette
lfw_291,Robert Torricelli
lfw_292,Noelle Bush
lfw_293,Barbara Brown Taylor
lfw_294,Dr. Mani Lal Bhaumik
lfw_295,Kelli White
lfw_296,Albert Sanders
lfw_297,Mia Russell
lfw_298,Gina Gershon
lfw_299,Irina Lobacheva
lfw_300,Florecita Cobian
lfw_301,Justine Pasek
lfw_302,Michael Lee
lfw_303,Abigail Butler
lfw_304,Kristin Scott Thomas
lfw_305,Frank Ward
lfw_306,Harold Gibbs
lfw_307,Walter Griffin
lfw_308,Raymond Fin
lfw_309,Eliza Manningham-Buller
lfw_310,Cemil Çiçek
lfw_311,Thaksin Shinawatra
lfw_312,Silvan Shalom
lfw_313,Leonard Ross
lfw_314,Stanley Brooks
lfw_315,Alicia Silverstone
lfw_316,Owen Nolan
lfw_317,B. J. Habibie
lfw_318,Astou Ndiaye-Diatta
lfw_319,Shoshana Johnson
lfw_320,Charlotte Ward
lfw_321,Camila Giorgi
lfw_322,Heidi Fleiss
lfw_323,Charlotte Church
lfw_324, Franko Simatovi
lfw_325,Clarence Foster
lfw_326,Paris Hilton
lfw_327,Angelo Tomas Reyes
lfw_328,Ed Case
lfw_329,Ralph Collins
lfw_330,Earl Reed
lfw_331,Howard Sanders
lfw_332,Norman Penny
lfw_333,John Cornyn
lfw_334,Jay Leno
lfw_335,Isabella Murphy
lfw_336,Eddie Lewis. 
lfw_337,Francis Ford Coppola
lfw_338,Sandra Ceccarelli
lfw_339,Ava Collins
lfw_340,Clifford Payne
lfw_341,Evelyn Sanders
lfw_342,Scarlett Hughes
lfw_343,Gloria Macapagal-Arroyo
lfw_344,Dean Smith
lfw_345,Amelia Vega
lfw_346,Shane Mendes
lfw_347, Ciarán Hinds
lfw_348,Brett Hughes
lfw_349,Troy Brooks
lfw_350,Blake Fisher
lfw_351,Derek Collins
lfw_352,Helen Clark
lfw_353,Craig Reeds
lfw_354,Francisco Villar García-Moreno
lfw_355,Adrien Brody
lfw_356,Ben Affleck
lfw_357,Aria Russell
lfw_358,Ivan Stamboli
lfw_359,Todd Pauls
lfw_360,Toby Keith
lfw_361,Penelope Barnes 
lfw_362, Hugh Hefner
lfw_363,Wade Higgins
lfw_364,Mohammad-Ali Rajai
lfw_365,Nora Fisher
lfw_366,El Hadji Diouf
lfw_367,Stella Ward
lfw_368,Emeka Onyenekwu. 
lfw_369,Seth Hicks
lfw_370,Michelle Bossy
lfw_371,Marie-Reine Le Gougne
lfw_372,Carly Fiorina
lfw_373,Ray Liotta
lfw_374,Sinéad O'Connor
lfw_375,Gavin Price
lfw_376,Dan Bartlett
lfw_377,Cole King
lfw_378,Evan Woods
lfw_379,Holly Ngyuen
lfw_380,Joel McGee
lfw_381,Bryce foster 
lfw_382,Kyle Simons
lfw_383,Jacqueline Gold
lfw_384,Zach Carter
lfw_385,Trent Sanders
lfw_386,Miles Fisher
lfw_387,James Tanaka
lfw_388,Hazel Ross
lfw_389,Wayne Gretzky. 
lfw_390,Ellie Bynes
lfw_391,Reid Coleman
lfw_392,Mark Ross
lfw_393,Violet Henderson
lfw_394,Gregory Peck. 
lfw_395,Jon Gruden
lfw_396,Isabelle Fuhrman
lfw_397,Coretta Scott King
lfw_398,David Banks
lfw_399,Luis Guzmán
lfw_400,Marvin Ogunjimi. 
lfw_401,Choi Yun-yong 
lfw_402,Arieta Corrêa
lfw_403,Claire Jenkins 
lfw_404,Lucy Carter
lfw_405,Rachel Leigh Cook
lfw_406,Toby Keith
lfw_407,Lindsey Graham
lfw_408,John Forbes Nash Jr.
lfw_409,Chris Potter
lfw_410,Alex Scott
lfw_411,Hans Blix
lfw_412,Frank Keating
lfw_413,Sean Banks
lfw_414,Donny Osmond
lfw_415,Scott Perry
lfw_416,Neil Tonks
lfw_417,Mario Lemieux
lfw_418,Larry King
lfw_419,Bruce Yu
lfw_420,Gary White 
lfw_421,Arianna Huffington
lfw_422,Imogen Bennett
lfw_423,Shaun Rusling
lfw_424,Faith Powell
lfw_425,Emmanuelle Béart
lfw_426,Willem-Alexander
lfw_427,Vernon Hayes
lfw_428,Mikhail Kalashnikov
lfw_429,Alan Parker
lfw_430,Greg Walker
lfw_431,Rita Smith
lfw_432,Julianne Moore
lfw_433,Troy Hicks
lfw_434,Jenna Walker
lfw_435,Luke Franks
lfw_436,Carl Swift
lfw_437,Meryl Streep
lfw_438,Dennis Patterson
lfw_439,Wayne Philips
lfw_440,Shania Twain
lfw_441,Beverkly Wu
lfw_442,Alain Ducasse
lfw_443, Mike Johnston
lfw_444,Fred H. Madden Jr.
lfw_445,Eugene Styles
lfw_446,Janet Johnson
lfw_447,Martin Edwards
lfw_448,Carol Barnes
lfw_449,Mike Harcourt
lfw_450,Victor Gibbs
lfw_451,Douglas King
lfw_452,Gerald Gibbson
lfw_453,Jerry Xu
lfw_454,Hugo Park
lfw_455,Otto Adams
lfw_456,Clint Samson
lfw_457,Nellie Coleman
lfw_458,Percy Barnes
lfw_459,Elsie Martins
lfw_460,Cody Parker
lfw_461,Lance Ross
lfw_462,Daryl Sabara
lfw_463,Dave Miles
lfw_464,Hritik Roshan
lfw_465,Hugo Linkin
lfw_466,Arlo Adams
lfw_467,Ingrid Bennett
lfw_468,Blythe Danner
lfw_469,Kimberly Stewart
lfw_470,Felix Cruz
lfw_471,Liv Newman
lfw_472,Matthew Broderick
lfw_473,Jasper Miller
lfw_474,Axel Johnson
lfw_475,Nico Chan
lfw_476,Kogoro Mori
lfw_477,Vincent Newman
lfw_478,Mark Smith
lfw_479,Remy Henders
lfw_480,Dominic Stewart
lfw_481,Dario Anderson
lfw_482,Bianca Williams
lfw_483,Rena Sofer
lfw_484,Angela Bassett
lfw_485,Marcus Woods
lfw_486,Patrick Roy
lfw_487,Stefan Posner
lfw_488,Valentina Weasley
lfw_489,Liane Janda
lfw_490,Herman Granger
lfw_491,Javier Bardem
lfw_492,Peter Sawyer
lfw_493,Hayden Quinn
lfw_494,Owen Wilson
lfw_495,James Skyler
lfw_496,Gustavo Kuerten
lfw_497,Riccardo Muti. 
lfw_498,Tobias Grant
lfw_499,Riley Peyton
lfw_500,Kirsten Durst
